{"cameraMode":{"drawMode":0,"name":"Shaded","section":"Shading Mode"},"sceneLighting":false,"audioPlay":false,"sceneViewState":{"showFog":false,"showMaterialUpdate":false,"showSkybox":false,"showFlares":false,"showImageEffects":false,"showParticleSystems":false},"in2DMode":false,"pivot":{"x":0.002124367281794548,"y":0.5710362792015076,"z":1.7242052555084229},"rotation":{"x":0.08987802267074585,"y":-0.003586790058761835,"z":0.00032373584690503776,"w":0.9959462881088257},"size":4.359600067138672,"orthographic":false}