{"cameraMode":{"drawMode":0,"name":"Shaded","section":"Shading Mode"},"sceneLighting":false,"audioPlay":false,"sceneViewState":{"showFog":true,"showMaterialUpdate":false,"showSkybox":true,"showFlares":true,"showImageEffects":true,"showParticleSystems":true},"in2DMode":false,"pivot":{"x":0.11459197849035263,"y":0.026660442352294923,"z":0.03753623366355896},"rotation":{"x":0.16454006731510163,"y":-0.11805671453475952,"z":0.019840126857161523,"w":0.979079008102417},"size":0.4041658639907837,"orthographic":false}