{"cameraMode":{"drawMode":0,"name":"Shaded","section":"Shading Mode"},"sceneLighting":false,"audioPlay":false,"sceneViewState":{"showFog":true,"showMaterialUpdate":false,"showSkybox":true,"showFlares":true,"showImageEffects":true,"showParticleSystems":true},"in2DMode":false,"pivot":{"x":0.2586442232131958,"y":0.31079554557800295,"z":0.5949193239212036},"rotation":{"x":0.3515321910381317,"y":-0.6017431616783142,"z":0.33304405212402346,"w":0.635147213935852},"size":1.4558308124542237,"orthographic":false}