{"cameraMode":{"drawMode":0,"name":"Shaded","section":"Shading Mode"},"sceneLighting":false,"audioPlay":false,"sceneViewState":{"showFog":false,"showMaterialUpdate":false,"showSkybox":false,"showFlares":false,"showImageEffects":false,"showParticleSystems":false},"in2DMode":false,"pivot":{"x":0.073089599609375,"y":0.16070556640625,"z":-0.160552978515625},"rotation":{"x":-0.43579426407814028,"y":0.2396754026412964,"z":-0.12159647792577744,"w":-0.8589839339256287},"size":0.5155787467956543,"orthographic":true}