{"cameraMode":{"drawMode":0,"name":"Shaded","section":"Shading Mode"},"sceneLighting":false,"audioPlay":false,"sceneViewState":{"showFog":false,"showMaterialUpdate":false,"showSkybox":false,"showFlares":false,"showImageEffects":false,"showParticleSystems":false},"in2DMode":false,"pivot":{"x":0.00885009765625,"y":0.1160888671875,"z":-0.0509033203125},"rotation":{"x":-0.06100286543369293,"y":-0.9325743317604065,"z":0.18855683505535127,"w":-0.3017120361328125},"size":0.8388624787330627,"orthographic":true}