{"cameraMode":{"drawMode":0,"name":"Shaded","section":"Shading Mode"},"sceneLighting":false,"audioPlay":false,"sceneViewState":{"showFog":true,"showMaterialUpdate":false,"showSkybox":true,"showFlares":true,"showImageEffects":true,"showParticleSystems":true},"in2DMode":false,"pivot":{"x":0.08233658969402313,"y":0.03827172517776489,"z":-0.07114031910896301},"rotation":{"x":0.5154129862785339,"y":0.005141585599631071,"z":-0.003092513419687748,"w":0.8569209575653076},"size":0.932811439037323,"orthographic":false}