{"cameraMode":{"drawMode":0,"name":"Shaded","section":"Shading Mode"},"sceneLighting":false,"audioPlay":false,"sceneViewState":{"showFog":true,"showMaterialUpdate":false,"showSkybox":true,"showFlares":true,"showImageEffects":true,"showParticleSystems":true},"in2DMode":false,"pivot":{"x":0.6543192863464356,"y":0.5259323120117188,"z":0.07175350189208985},"rotation":{"x":0.04488237947225571,"y":0.06738047301769257,"z":-0.003034170251339674,"w":0.9967127442359924},"size":4.959600448608398,"orthographic":false}