{"cameraMode":{"drawMode":0,"name":"Shaded","section":"Shading Mode"},"sceneLighting":false,"audioPlay":false,"sceneViewState":{"showFog":true,"showMaterialUpdate":false,"showSkybox":true,"showFlares":true,"showImageEffects":true,"showParticleSystems":true},"in2DMode":false,"pivot":{"x":-0.024541586637496949,"y":0.2500973343849182,"z":-1.2632923126220704},"rotation":{"x":0.19084195792675019,"y":0.12040037661790848,"z":-0.023592669516801835,"w":0.9739232659339905},"size":0.9483419060707092,"orthographic":false}