{"cameraMode":{"drawMode":0,"name":"Shaded","section":"Shading Mode"},"sceneLighting":false,"audioPlay":false,"sceneViewState":{"showFog":false,"showMaterialUpdate":false,"showSkybox":false,"showFlares":false,"showImageEffects":false,"showParticleSystems":false},"in2DMode":false,"pivot":{"x":-0.14416277408599854,"y":0.48570531606674197,"z":0.1444408893585205},"rotation":{"x":0.058493126183748248,"y":0.9398828148841858,"z":-0.20771045982837678,"w":0.264679491519928},"size":2.10988450050354,"orthographic":false}