{"cameraMode":{"drawMode":0,"name":"Shaded","section":"Shading Mode"},"sceneLighting":false,"audioPlay":false,"sceneViewState":{"showFog":true,"showMaterialUpdate":false,"showSkybox":true,"showFlares":true,"showImageEffects":true,"showParticleSystems":true},"in2DMode":false,"pivot":{"x":0.010102390311658383,"y":-0.010599985718727112,"z":-0.021382957696914674},"rotation":{"x":0.23332926630973817,"y":-2.05580302781172e-10,"z":1.586361875194342e-10,"w":0.9723978042602539},"size":0.3328113555908203,"orthographic":false}