{"cameraMode":{"drawMode":0,"name":"Shaded","section":"Shading Mode"},"sceneLighting":false,"audioPlay":false,"sceneViewState":{"showFog":false,"showMaterialUpdate":false,"showSkybox":false,"showFlares":false,"showImageEffects":false,"showParticleSystems":false},"in2DMode":false,"pivot":{"x":-0.3464769721031189,"y":-0.368053138256073,"z":1.617654800415039},"rotation":{"x":0.15583160519599915,"y":-0.11234536021947861,"z":0.01784217171370983,"w":0.9812119007110596},"size":2.7499802112579347,"orthographic":false}