{"cameraMode":{"drawMode":0,"name":"Shaded","section":"Shading Mode"},"sceneLighting":false,"audioPlay":false,"sceneViewState":{"showFog":true,"showMaterialUpdate":false,"showSkybox":true,"showFlares":true,"showImageEffects":true,"showParticleSystems":true},"in2DMode":false,"pivot":{"x":0.7763671875,"y":0.364501953125,"z":-0.19580078125},"rotation":{"x":0.18065296113491059,"y":-0.483903169631958,"z":0.10283463448286057,"w":0.8500749468803406},"size":2.0649259090423586,"orthographic":true}