{"cameraMode":{"drawMode":0,"name":"Shaded","section":"Shading Mode"},"sceneLighting":false,"audioPlay":false,"sceneViewState":{"showFog":false,"showMaterialUpdate":false,"showSkybox":false,"showFlares":false,"showImageEffects":false,"showParticleSystems":false},"in2DMode":false,"pivot":{"x":0.002093307673931122,"y":0.41225701570510867,"z":0.24600708484649659},"rotation":{"x":0.2638202905654907,"y":-0.011574674397706986,"z":0.0031660099048167469,"w":0.9644972085952759},"size":1.536712408065796,"orthographic":false}