{"cameraMode":{"drawMode":0,"name":"Shaded","section":"Shading Mode"},"sceneLighting":false,"audioPlay":false,"sceneViewState":{"showFog":false,"showMaterialUpdate":false,"showSkybox":false,"showFlares":false,"showImageEffects":false,"showParticleSystems":false},"in2DMode":false,"pivot":{"x":0.03761272132396698,"y":0.4189743399620056,"z":-0.8393955230712891},"rotation":{"x":0.08536123484373093,"y":-0.02839205414056778,"z":0.002433451823890209,"w":0.9959425330162048},"size":0.6768726110458374,"orthographic":false}