{"cameraMode":{"drawMode":0,"name":"Shaded","section":"Shading Mode"},"sceneLighting":false,"audioPlay":false,"sceneViewState":{"showFog":false,"showMaterialUpdate":false,"showSkybox":false,"showFlares":false,"showImageEffects":false,"showParticleSystems":false},"in2DMode":false,"pivot":{"x":-0.05543828010559082,"y":0.03215134143829346,"z":0.009248137474060059},"rotation":{"x":0.06747407466173172,"y":0.8842474222183228,"z":-0.44196075201034548,"w":0.13499803841114045},"size":1.2157578468322755,"orthographic":false}