{"anchorInfo":{"anchorX":0.4517064094543457,"anchorY":-1.3925362825393677,"anchorZ":1.7570892572402955,"anchorRotX":359.1291809082031,"anchorRotY":77.5429916381836,"anchorRotZ":1.5685389041900635,"anchorScaleX":1.0,"anchorScaleY":1.0,"anchorScaleZ":1.0},"Name":"CloudAnchor23","Scenario":"aux","Id":"ua-6c7bf32e4f151475c08b42b13226d3e4","ListAnchorObjects":[{"Prefab_name":"Arrow","X":-1.8396562337875367,"Y":0.00636446475982666,"Z":-0.4404831528663635,"Rotation":278.9908142089844,"Scale_X":0.05822913721203804,"Scale_Y":0.02911456860601902,"Scale_Z":0.194097101688385,"PathNumber":0,"BezierNumber":1},{"Prefab_name":"Goal","X":-0.43968790769577029,"Y":0.016118168830871583,"Z":-1.6221284866333008,"Rotation":0.063201904296875,"Scale_X":0.800000011920929,"Scale_Y":0.800000011920929,"Scale_Z":0.800000011920929,"PathNumber":0,"BezierNumber":2}]}