{"cameraMode":{"drawMode":0,"name":"Shaded","section":"Shading Mode"},"sceneLighting":false,"audioPlay":false,"sceneViewState":{"showFog":true,"showMaterialUpdate":false,"showSkybox":true,"showFlares":true,"showImageEffects":true,"showParticleSystems":true},"in2DMode":false,"pivot":{"x":1.0970001220703126,"y":0.013481806963682175,"z":0.0},"rotation":{"x":-0.0014999386621639133,"y":-0.008999869227409363,"z":-0.000013499813576345332,"w":0.9999583959579468},"size":0.2307712435722351,"orthographic":false}