{"cameraMode":{"drawMode":0,"name":"Shaded","section":"Shading Mode"},"sceneLighting":false,"audioPlay":false,"sceneViewState":{"showFog":true,"showMaterialUpdate":false,"showSkybox":true,"showFlares":true,"showImageEffects":true,"showParticleSystems":true},"in2DMode":false,"pivot":{"x":2.7989792823791506,"y":0.07208864390850067,"z":0.3014240264892578},"rotation":{"x":-0.0014999386621639133,"y":-0.008999869227409363,"z":-0.000013499813576345332,"w":0.9999583959579468},"size":6.502140998840332,"orthographic":false}