{"cameraMode":{"drawMode":0,"name":"Shaded","section":"Shading Mode"},"sceneLighting":false,"audioPlay":false,"sceneViewState":{"showFog":true,"showMaterialUpdate":false,"showSkybox":true,"showFlares":true,"showImageEffects":true,"showParticleSystems":true},"in2DMode":false,"pivot":{"x":1.4860996007919312,"y":0.22030916810035706,"z":0.8177010416984558},"rotation":{"x":0.15780669450759889,"y":-0.3013094961643219,"z":0.05063684284687042,"w":0.9390131235122681},"size":7.000009536743164,"orthographic":false}