{"cameraMode":{"drawMode":0,"name":"Shaded","section":"Shading Mode"},"sceneLighting":false,"audioPlay":false,"sceneViewState":{"showFog":true,"showMaterialUpdate":false,"showSkybox":true,"showFlares":true,"showImageEffects":true,"showParticleSystems":true},"in2DMode":false,"pivot":{"x":0.46348005533218386,"y":0.22958478331565858,"z":0.45882195234298708},"rotation":{"x":-0.03475930914282799,"y":-0.2593277394771576,"z":0.009339828044176102,"w":-0.9651185274124146},"size":1.4038360118865967,"orthographic":false}