{"cameraMode":{"drawMode":0,"name":"Shaded","section":"Shading Mode"},"sceneLighting":false,"audioPlay":false,"sceneViewState":{"showFog":true,"showMaterialUpdate":false,"showSkybox":true,"showFlares":true,"showImageEffects":true,"showParticleSystems":true},"in2DMode":false,"pivot":{"x":-7.98788595199585,"y":0.24164605140686036,"z":0.0066078901290893559},"rotation":{"x":-0.0014999386621639133,"y":-0.008999869227409363,"z":-0.000013499813576345332,"w":0.9999583959579468},"size":8.041589736938477,"orthographic":false}