{"cameraMode":{"drawMode":0,"name":"Shaded","section":"Shading Mode"},"sceneLighting":false,"audioPlay":false,"sceneViewState":{"showFog":true,"showMaterialUpdate":false,"showSkybox":true,"showFlares":true,"showImageEffects":true,"showParticleSystems":true},"in2DMode":false,"pivot":{"x":-0.059247612953186038,"y":0.4870727062225342,"z":0.28958234190940859},"rotation":{"x":0.10290387272834778,"y":-0.7730445265769959,"z":0.12991465628147126,"w":0.6123195886611939},"size":2.0064914226531984,"orthographic":false}