{"cameraMode":{"drawMode":0,"name":"Shaded","section":"Shading Mode"},"sceneLighting":false,"audioPlay":false,"sceneViewState":{"showFog":true,"showMaterialUpdate":false,"showSkybox":true,"showFlares":true,"showImageEffects":true,"showParticleSystems":true},"in2DMode":false,"pivot":{"x":0.012534558773040772,"y":0.0,"z":5.587935447692871e-9},"rotation":{"x":-0.009433603845536709,"y":0.9690926671028137,"z":-0.24364441633224488,"w":-0.03752165287733078},"size":1.184350848197937,"orthographic":false}