{"cameraMode":{"drawMode":0,"name":"Shaded","section":"Shading Mode"},"sceneLighting":false,"audioPlay":false,"sceneViewState":{"showFog":true,"showMaterialUpdate":false,"showSkybox":true,"showFlares":true,"showImageEffects":true,"showParticleSystems":true},"in2DMode":false,"pivot":{"x":-0.07738447189331055,"y":-0.19821691513061524,"z":-0.011490941047668457},"rotation":{"x":0.14201809465885163,"y":-0.0014847952406853438,"z":0.0002130272623617202,"w":0.9898629188537598},"size":14.619216918945313,"orthographic":false}