{"cameraMode":{"drawMode":0,"name":"Shaded","section":"Shading Mode"},"sceneLighting":false,"audioPlay":false,"sceneViewState":{"showFog":true,"showMaterialUpdate":false,"showSkybox":true,"showFlares":true,"showImageEffects":true,"showParticleSystems":true},"in2DMode":false,"pivot":{"x":-0.02857351303100586,"y":0.4308775067329407,"z":0.24212408065795899},"rotation":{"x":-0.0739530548453331,"y":0.8617317080497742,"z":-0.13156062364578248,"w":-0.4843977689743042},"size":2.7980170249938967,"orthographic":false}