{"cameraMode":{"drawMode":0,"name":"Shaded","section":"Shading Mode"},"sceneLighting":false,"audioPlay":false,"sceneViewState":{"showFog":true,"showMaterialUpdate":false,"showSkybox":true,"showFlares":true,"showImageEffects":true,"showParticleSystems":true},"in2DMode":false,"pivot":{"x":-3.873995780944824,"y":-9.140762329101563,"z":-5.304137229919434},"rotation":{"x":0.01933879405260086,"y":0.8962993025779724,"z":-0.4412831962108612,"w":0.03927958011627197},"size":24.349170684814454,"orthographic":false}