{"cameraMode":{"drawMode":0,"name":"Shaded","section":"Shading Mode"},"sceneLighting":false,"audioPlay":false,"sceneViewState":{"showFog":true,"showMaterialUpdate":false,"showSkybox":true,"showFlares":true,"showImageEffects":true,"showParticleSystems":true},"in2DMode":false,"pivot":{"x":11.722502708435059,"y":0.2730477452278137,"z":12.905274391174317},"rotation":{"x":0.28882017731666567,"y":0.35417187213897707,"z":-0.11599455028772354,"w":0.8818676471710205},"size":1.0408339500427247,"orthographic":false}