{"cameraMode":{"drawMode":0,"name":"Shaded","section":"Shading Mode"},"sceneLighting":false,"audioPlay":false,"sceneViewState":{"showFog":true,"showMaterialUpdate":false,"showSkybox":true,"showFlares":true,"showImageEffects":true,"showParticleSystems":true},"in2DMode":false,"pivot":{"x":319.4737854003906,"y":234.19900512695313,"z":-33.471378326416019},"rotation":{"x":0.2764972448348999,"y":0.04754592478275299,"z":-0.013697653077542782,"w":0.9597401022911072},"size":2.5690932273864748,"orthographic":false}