{"cameraMode":{"drawMode":0,"name":"Shaded","section":"Shading Mode"},"sceneLighting":false,"audioPlay":false,"sceneViewState":{"showFog":true,"showMaterialUpdate":false,"showSkybox":true,"showFlares":true,"showImageEffects":true,"showParticleSystems":true},"in2DMode":false,"pivot":{"x":0.18967407941818238,"y":0.205810546875,"z":-0.04130146652460098},"rotation":{"x":0.2278323471546173,"y":-0.2952810823917389,"z":0.07272984832525253,"w":0.9249929189682007},"size":0.5938848853111267,"orthographic":true}