{"cameraMode":{"drawMode":0,"name":"Shaded","section":"Shading Mode"},"sceneLighting":false,"audioPlay":false,"sceneViewState":{"showFog":true,"showMaterialUpdate":false,"showSkybox":true,"showFlares":true,"showImageEffects":true,"showParticleSystems":true},"in2DMode":false,"pivot":{"x":149.03416442871095,"y":285.17095947265627,"z":0.6523231267929077},"rotation":{"x":0.6219630837440491,"y":0.015266614966094494,"z":-0.01212981715798378,"w":0.7828037738800049},"size":2.1963865756988527,"orthographic":false}