{"cameraMode":{"drawMode":0,"name":"Shaded","section":"Shading Mode"},"sceneLighting":false,"audioPlay":false,"sceneViewState":{"showFog":true,"showMaterialUpdate":false,"showSkybox":true,"showFlares":true,"showImageEffects":true,"showParticleSystems":true},"in2DMode":false,"pivot":{"x":325.8194580078125,"y":-86.56289672851563,"z":67.72781372070313},"rotation":{"x":0.03278088942170143,"y":0.9670830368995667,"z":-0.18649077415466309,"w":0.16999147832393647},"size":4.810598850250244,"orthographic":false}