{"cameraMode":{"drawMode":0,"name":"Shaded","section":"Shading Mode"},"sceneLighting":false,"audioPlay":false,"sceneViewState":{"showFog":true,"showMaterialUpdate":false,"showSkybox":true,"showFlares":true,"showImageEffects":true,"showParticleSystems":true},"in2DMode":false,"pivot":{"x":5.220001220703125,"y":0.05000000447034836,"z":-7.450580596923828e-9},"rotation":{"x":-0.0014999386621639133,"y":-0.008999869227409363,"z":-0.000013499813576345332,"w":0.9999583959579468},"size":0.21887743473052979,"orthographic":false}