{"cameraMode":{"drawMode":0,"name":"Shaded","section":"Shading Mode"},"sceneLighting":false,"audioPlay":false,"sceneViewState":{"showFog":true,"showMaterialUpdate":false,"showSkybox":true,"showFlares":true,"showImageEffects":true,"showParticleSystems":true},"in2DMode":false,"pivot":{"x":1.3405547142028809,"y":-0.30219292640686037,"z":0.14908361434936524},"rotation":{"x":-0.2670491933822632,"y":-0.38735780119895937,"z":0.1182967871427536,"w":-0.8744395971298218},"size":3.2303857803344728,"orthographic":false}