{"cameraMode":{"drawMode":0,"name":"Shaded","section":"Shading Mode"},"sceneLighting":false,"audioPlay":false,"sceneViewState":{"showFog":true,"showMaterialUpdate":false,"showSkybox":true,"showFlares":true,"showImageEffects":true,"showParticleSystems":true},"in2DMode":false,"pivot":{"x":0.017662525177001954,"y":0.27597475051879885,"z":-0.027293086051940919},"rotation":{"x":0.089877650141716,"y":0.004481772426515818,"z":-0.0004044522356707603,"w":0.9959426522254944},"size":1.4791560173034669,"orthographic":false}