{"cameraMode":{"drawMode":0,"name":"Shaded","section":"Shading Mode"},"sceneLighting":false,"audioPlay":false,"sceneViewState":{"showFog":true,"showMaterialUpdate":false,"showSkybox":true,"showFlares":true,"showImageEffects":true,"showParticleSystems":true},"in2DMode":false,"pivot":{"x":-0.2787322998046875,"y":98.67753601074219,"z":11.149528503417969},"rotation":{"x":0.1271478533744812,"y":0.010414579883217812,"z":-0.0013351017842069269,"w":0.991828203201294},"size":284.6233825683594,"orthographic":false}