{"cameraMode":{"drawMode":0,"name":"Shaded","section":"Shading Mode"},"sceneLighting":false,"audioPlay":false,"sceneViewState":{"showFog":true,"showMaterialUpdate":false,"showSkybox":true,"showFlares":true,"showImageEffects":true,"showParticleSystems":true},"in2DMode":false,"pivot":{"x":-0.6042346954345703,"y":-2.045475959777832,"z":-8.35092830657959},"rotation":{"x":0.13908474147319795,"y":0.8261919617652893,"z":-0.2326631098985672,"w":0.4938928782939911},"size":24.74483871459961,"orthographic":false}