{"cameraMode":{"drawMode":0,"name":"Shaded","section":"Shading Mode"},"sceneLighting":false,"audioPlay":false,"sceneViewState":{"showFog":true,"showMaterialUpdate":false,"showSkybox":true,"showFlares":true,"showImageEffects":true,"showParticleSystems":true},"in2DMode":false,"pivot":{"x":6.186642646789551,"y":2.611009120941162,"z":1.9628547430038453},"rotation":{"x":0.14201809465885163,"y":-0.0014847952406853438,"z":0.0002130272623617202,"w":0.9898629188537598},"size":4.496821403503418,"orthographic":false}