{"cameraMode":{"drawMode":0,"name":"Shaded","section":"Shading Mode"},"sceneLighting":false,"audioPlay":false,"sceneViewState":{"showFog":true,"showMaterialUpdate":false,"showSkybox":true,"showFlares":true,"showImageEffects":true,"showParticleSystems":true},"in2DMode":false,"pivot":{"x":385.5713195800781,"y":145.09970092773438,"z":0.17211341857910157},"rotation":{"x":0.1345892995595932,"y":-0.004459063988178968,"z":0.0006056981510482729,"w":0.9908912777900696},"size":29.717540740966798,"orthographic":false}