{"cameraMode":{"drawMode":0,"name":"Shaded","section":"Shading Mode"},"sceneLighting":false,"audioPlay":false,"sceneViewState":{"showFog":true,"showMaterialUpdate":false,"showSkybox":true,"showFlares":true,"showImageEffects":true,"showParticleSystems":true},"in2DMode":false,"pivot":{"x":324.7198791503906,"y":-85.89299011230469,"z":70.27931213378906},"rotation":{"x":0.008798424154520035,"y":0.9890831708908081,"z":-0.13132263720035554,"w":0.06626768410205841},"size":1.4336857795715333,"orthographic":false}