{"cameraMode":{"drawMode":0,"name":"Shaded","section":"Shading Mode"},"sceneLighting":false,"audioPlay":false,"sceneViewState":{"showFog":true,"showMaterialUpdate":false,"showSkybox":true,"showFlares":true,"showImageEffects":true,"showParticleSystems":true},"in2DMode":false,"pivot":{"x":21.546812057495118,"y":-6.405113220214844,"z":-13.35958480834961},"rotation":{"x":0.22805634140968324,"y":0.2055584043264389,"z":-0.04932422935962677,"w":0.9504226446151733},"size":61.580196380615237,"orthographic":false}