{"cameraMode":{"drawMode":0,"name":"Shaded","section":"Shading Mode"},"sceneLighting":false,"audioPlay":false,"sceneViewState":{"showFog":true,"showMaterialUpdate":false,"showSkybox":true,"showFlares":true,"showImageEffects":true,"showParticleSystems":true},"in2DMode":false,"pivot":{"x":726.537841796875,"y":81.00048828125,"z":5.4898681640625},"rotation":{"x":0.2764972448348999,"y":0.04754592478275299,"z":-0.013697653077542782,"w":0.9597401022911072},"size":16.689485549926759,"orthographic":false}