{"cameraMode":{"drawMode":0,"name":"Shaded","section":"Shading Mode"},"sceneLighting":false,"audioPlay":false,"sceneViewState":{"showFog":true,"showMaterialUpdate":false,"showSkybox":true,"showFlares":true,"showImageEffects":true,"showParticleSystems":true},"in2DMode":false,"pivot":{"x":60.211402893066409,"y":98.46968841552735,"z":-7.688978672027588},"rotation":{"x":0.1271478533744812,"y":0.010414579883217812,"z":-0.0013351017842069269,"w":0.991828203201294},"size":65.79773712158203,"orthographic":false}