{"cameraMode":{"drawMode":0,"name":"Shaded","section":"Shading Mode"},"sceneLighting":false,"audioPlay":false,"sceneViewState":{"showFog":true,"showMaterialUpdate":false,"showSkybox":true,"showFlares":true,"showImageEffects":true,"showParticleSystems":true},"in2DMode":false,"pivot":{"x":8.919500350952149,"y":2.1293933391571047,"z":0.2582683563232422},"rotation":{"x":-0.0014999386621639133,"y":-0.008999869227409363,"z":-0.000013499813576345332,"w":0.9999583959579468},"size":12.116135597229004,"orthographic":false}