{"cameraMode":{"drawMode":0,"name":"Shaded","section":"Shading Mode"},"sceneLighting":false,"audioPlay":false,"sceneViewState":{"showFog":true,"showMaterialUpdate":false,"showSkybox":true,"showFlares":true,"showImageEffects":true,"showParticleSystems":true},"in2DMode":false,"pivot":{"x":-16.27906036376953,"y":91.12850952148438,"z":4.133460998535156},"rotation":{"x":0.1271478533744812,"y":0.010414579883217812,"z":-0.0013351017842069269,"w":0.991828203201294},"size":333.99884033203127,"orthographic":false}