{"cameraMode":{"drawMode":0,"name":"Shaded","section":"Shading Mode"},"sceneLighting":false,"audioPlay":false,"sceneViewState":{"showFog":true,"showMaterialUpdate":false,"showSkybox":true,"showFlares":true,"showImageEffects":true,"showParticleSystems":true},"in2DMode":false,"pivot":{"x":-0.7566060423851013,"y":0.6817340850830078,"z":0.24429035186767579},"rotation":{"x":0.14201809465885163,"y":-0.0014847952406853438,"z":0.0002130272623617202,"w":0.9898629188537598},"size":13.240205764770508,"orthographic":false}