{"cameraMode":{"drawMode":0,"name":"Shaded","section":"Shading Mode"},"sceneLighting":false,"audioPlay":false,"sceneViewState":{"showFog":true,"showMaterialUpdate":false,"showSkybox":true,"showFlares":true,"showImageEffects":true,"showParticleSystems":true},"in2DMode":false,"pivot":{"x":-0.05674813687801361,"y":-0.07663142681121826,"z":0.0016362518072128296},"rotation":{"x":0.3389800190925598,"y":-0.44527876377105715,"z":0.18695010244846345,"w":0.8073841333389282},"size":0.442119300365448,"orthographic":false}