{"cameraMode":{"drawMode":0,"name":"Shaded","section":"Shading Mode"},"sceneLighting":false,"audioPlay":false,"sceneViewState":{"showFog":true,"showMaterialUpdate":false,"showSkybox":true,"showFlares":true,"showImageEffects":true,"showParticleSystems":true},"in2DMode":false,"pivot":{"x":-0.03630256652832031,"y":-4.67922306060791,"z":6.379520416259766},"rotation":{"x":0.1889982670545578,"y":-0.2459673136472702,"z":0.04896444454789162,"w":0.9494115710258484},"size":53.03314971923828,"orthographic":false}