{"cameraMode":{"drawMode":0,"name":"Shaded","section":"Shading Mode"},"sceneLighting":false,"audioPlay":false,"sceneViewState":{"showFog":true,"showMaterialUpdate":false,"showSkybox":true,"showFlares":true,"showImageEffects":true,"showParticleSystems":true},"in2DMode":false,"pivot":{"x":165.24484252929688,"y":152.22518920898438,"z":-2.3624267578125},"rotation":{"x":-0.0389605276286602,"y":-0.038960449397563937,"z":0.0015202303184196354,"w":-0.9984797835350037},"size":264.8805236816406,"orthographic":false}