{"cameraMode":{"drawMode":0,"name":"Shaded","section":"Shading Mode"},"sceneLighting":true,"audioPlay":false,"sceneViewState":{"showFog":true,"showMaterialUpdate":false,"showSkybox":true,"showFlares":true,"showImageEffects":true,"showParticleSystems":true},"in2DMode":false,"pivot":{"x":-1.7089670896530152,"y":-4.403955459594727,"z":-1.4935436248779297},"rotation":{"x":-0.02123222127556801,"y":0.9068337082862854,"z":-0.4184309244155884,"w":-0.04601507633924484},"size":14.143624305725098,"orthographic":false}